{
  "quickswap_v2:0x90bc3e68ba8393a3bf2d79309365089975341a43": {
    "timestamp": 1763548233.4303575,
    "data": {
      "tvl_usd": 70032.41563516221,
      "reserve0": 11321752806164633273,
      "reserve1": 198981599948587503939,
      "token0": "WETH",
      "token1": "AAVE",
      "price0_usd": 3096.29,
      "price1_usd": 175.78
    }
  },
  "quickswap_v2:0x59153f27eefe07e5ece4f9304ebba1da6f53ca88": {
    "timestamp": 1763548244.221734,
    "data": {
      "tvl_usd": 1662994.3723048237,
      "reserve0": 833288075662117953978598,
      "reserve1": 831165386451,
      "token0": "DAI",
      "token1": "USDT",
      "price0_usd": 0.999031,
      "price1_usd": 0.999216
    }
  },
  "quickswap_v2:0x4a35582a710e1f4b2030a3f826da20bfb6703c09": {
    "timestamp": 1763548246.2216332,
    "data": {
      "tvl_usd": 84436.14536718676,
      "reserve0": 13631999843674472605,
      "reserve1": 42268478727102493638293,
      "token0": "WETH",
      "token1": "DAI",
      "price0_usd": 3096.29,
      "price1_usd": 0.999031
    }
  },
  "quickswap_v2:0xeef611894ceae652979c9d0dae1deb597790c6ee": {
    "timestamp": 1763548247.2684839,
    "data": {
      "tvl_usd": 14285.46762746698,
      "reserve0": 48499015385010140130186,
      "reserve1": 7159994963020398875536,
      "token0": "WPOL",
      "token1": "DAI",
      "price0_usd": 0.147063,
      "price1_usd": 0.999031
    }
  },
  "quickswap_v2:0x5ca6ca6c3709e1e6cfe74a50cf6b2b6ba2dadd67": {
    "timestamp": 1763548251.6730762,
    "data": {
      "tvl_usd": 223237.12700923707,
      "reserve0": 8271577901179339066416,
      "reserve1": 36060427518846038810,
      "token0": "LINK",
      "token1": "WETH",
      "price0_usd": 13.49,
      "price1_usd": 3096.29
    }
  },
  "quickswap_v2:0x60e70705b52a4a5bdc1d8614426ba5016a68ab38": {
    "timestamp": 1763548256.033326,
    "data": {
      "tvl_usd": 9001.126937499455,
      "reserve0": 1458249536806737977,
      "reserve1": 291137338581989841410635,
      "token0": "WETH",
      "token1": "QUICK",
      "price0_usd": 3096.29,
      "price1_usd": 0.01540841
    }
  },
  "quickswap_v2:0xf3eb2f17eafbf35e92c965a954c6e7693187057d": {
    "timestamp": 1763548257.1164794,
    "data": {
      "tvl_usd": 42157.061665887704,
      "reserve0": 143095424402485473391974,
      "reserve1": 1370226990778735764354131,
      "token0": "WPOL",
      "token1": "QUICK",
      "price0_usd": 0.147063,
      "price1_usd": 0.01540841
    }
  },
  "quickswap_v2:0xf7135272a5584eb116f5a77425118a8b4a2ddfdb": {
    "timestamp": 1763548266.206021,
    "data": {
      "tvl_usd": 21373.18326199102,
      "reserve0": 3462797489036279516,
      "reserve1": 1451138695458157644489,
      "token0": "WETH",
      "token1": "UNI",
      "price0_usd": 3096.29,
      "price1_usd": 7.34
    }
  },
  "quickswap_v2:0xe43ab6540c0929ef29d216a34ab1f0eacc5c3825": {
    "timestamp": 1763548268.2836304,
    "data": {
      "tvl_usd": 3281.391228567001,
      "reserve0": 1641282655,
      "reserve1": 1641883271,
      "token0": "USDC",
      "token1": "USDT",
      "price0_usd": 0.999703,
      "price1_usd": 0.999216
    }
  },
  "quickswap_v2:0x7baf833f82bb1971f99a5a5d84bed1d5d0dedd70": {
    "timestamp": 1763548270.0065174,
    "data": {
      "tvl_usd": 26503.487496878693,
      "reserve0": 13261079083,
      "reserve1": 4278135108263871721,
      "token0": "USDC",
      "token1": "WETH",
      "price0_usd": 0.999703,
      "price1_usd": 3096.29
    }
  },
  "quickswap_v2:0xf6422b997c7f54d1c6a6e103bcb1499eea0a7046": {
    "timestamp": 1763548272.8318195,
    "data": {
      "tvl_usd": 168627.7889435629,
      "reserve0": 27215964585947512172,
      "reserve1": 84425459516,
      "token0": "WETH",
      "token1": "USDT",
      "price0_usd": 3096.29,
      "price1_usd": 0.999216
    }
  },
  "quickswap_v2:0x604229c960e5cacf2aaeac8be68ac07ba9df81c3": {
    "timestamp": 1763548273.7689705,
    "data": {
      "tvl_usd": 139333.624874553,
      "reserve0": 473155467819068116175630,
      "reserve1": 69804689187,
      "token0": "WPOL",
      "token1": "USDT",
      "price0_usd": 0.147063,
      "price1_usd": 0.999216
    }
  },
  "quickswap_v2:0xdc9232e2df177d7a12fdff6ecbab114e2231198d": {
    "timestamp": 1763548274.6899388,
    "data": {
      "tvl_usd": 546354.0512166374,
      "reserve0": 298789599,
      "reserve1": 88281142534567954725,
      "token0": "WBTC",
      "token1": "WETH",
      "price0_usd": 91372,
      "price1_usd": 3096.29
    }
  },
  "quickswap_v2:0xf6b87181bf250af082272e3f448ec3238746ce3d": {
    "timestamp": 1763548275.859912,
    "data": {
      "tvl_usd": 12979.01225959332,
      "reserve0": 44134899334525484675910,
      "reserve1": 7101083,
      "token0": "WPOL",
      "token1": "WBTC",
      "price0_usd": 0.147063,
      "price1_usd": 91372
    }
  },
  "quickswap_v2:0xadbf1854e5883eb8aa7baf50705338739e558e5b": {
    "timestamp": 1763548276.7517292,
    "data": {
      "tvl_usd": 681901.2613363261,
      "reserve0": 2315173605363365268056287,
      "reserve1": 110269026935711340039,
      "token0": "WPOL",
      "token1": "WETH",
      "price0_usd": 0.147063,
      "price1_usd": 3096.29
    }
  },
  "sushiswap:0x2813d43463c374a680f235c428fb1d7f08de0b69": {
    "timestamp": 1763548285.1222103,
    "data": {
      "tvl_usd": 198737.52840840456,
      "reserve0": 32108179133675266504,
      "reserve1": 565031826365895902249,
      "token0": "WETH",
      "token1": "AAVE",
      "price0_usd": 3096.29,
      "price1_usd": 175.78
    }
  },
  "sushiswap:0x396e655c309676caf0acf4607a868e0cded876db": {
    "timestamp": 1763548290.6793425,
    "data": {
      "tvl_usd": 58474.92714510317,
      "reserve0": 67897537669525601166058,
      "reserve1": 9451940748435904364,
      "token0": "CRV",
      "token1": "WETH",
      "price0_usd": 0.430192,
      "price1_usd": 3096.29
    }
  },
  "sushiswap:0x6ff62bfb8c12109e8000935a6de54dad83a4f39f": {
    "timestamp": 1763548298.038158,
    "data": {
      "tvl_usd": 96688.43216845652,
      "reserve0": 15618508775302547991,
      "reserve1": 48375875856279735635331,
      "token0": "WETH",
      "token1": "DAI",
      "price0_usd": 3096.29,
      "price1_usd": 0.999031
    }
  },
  "sushiswap:0x74d23f21f780ca26b47db16b0504f2e3832b9321": {
    "timestamp": 1763548302.8142583,
    "data": {
      "tvl_usd": 139006.27984930787,
      "reserve0": 5149578854162603505082,
      "reserve1": 22458639567564523405,
      "token0": "LINK",
      "token1": "WETH",
      "price0_usd": 13.49,
      "price1_usd": 3096.29
    }
  },
  "sushiswap:0x116ff0d1caa91a6b94276b3471f33dbeb52073e7": {
    "timestamp": 1763548305.1760874,
    "data": {
      "tvl_usd": 9172.264947778014,
      "reserve0": 6720597722639784326434,
      "reserve1": 1491147033895274358,
      "token0": "SNX",
      "token1": "WETH",
      "price0_usd": 0.677803,
      "price1_usd": 3096.29
    }
  },
  "sushiswap:0xb5846453b67d0b4b4ce655930cf6e4129f4416d7": {
    "timestamp": 1763548309.7840714,
    "data": {
      "tvl_usd": 10084.205736341057,
      "reserve0": 10916218585596033889084,
      "reserve1": 1629191582383246503,
      "token0": "SUSHI",
      "token1": "WETH",
      "price0_usd": 0.461676,
      "price1_usd": 3096.29
    }
  },
  "sushiswap:0xc2755915a85c6f6c1c0f3a86ac8c058f11caa9c9": {
    "timestamp": 1763548319.3359501,
    "data": {
      "tvl_usd": 135209.00143999534,
      "reserve0": 21829110178395156540,
      "reserve1": 67672801362,
      "token0": "WETH",
      "token1": "USDT",
      "price0_usd": 3096.29,
      "price1_usd": 0.999216
    }
  },
  "sushiswap:0x55ff76bffc3cdd9d5fdbbc2ece4528ecce45047e": {
    "timestamp": 1763548320.0797453,
    "data": {
      "tvl_usd": 12516.638915351843,
      "reserve0": 42500076633817416719218,
      "reserve1": 6271366897,
      "token0": "WPOL",
      "token1": "USDT",
      "price0_usd": 0.147063,
      "price1_usd": 0.999216
    }
  },