{
  "QuickSwap_V2": {
    "AAVE/QUICK": 1762121805.9354608,
    "AAVE/UNI": 1762121806.4900084,
    "AAVE/USDC": 1762121806.7159102,
    "CRV/QUICK": 1762121808.5314538,
    "CRV/SUSHI": 1762121808.81319,
    "CRV/UNI": 1762121809.0854206,
    "CRV/USDC": 1762121809.3426948,
    "DAI/SUSHI": 1762121811.108925,
    "LINK/QUICK": 1762121812.7097268,
    "LINK/SUSHI": 1762121812.9364944,
    "QUICK/SUSHI": 1762121814.617874,
    "QUICK/UNI": 1762121814.8378296,
    "SNX/USDC": 1762121816.225307,
    "SNX/USDT": 1762121816.4510388,
    "SUSHI/WBTC": 1762121817.8542845,
    "UNI/USDC": 1762121818.5650089,
    "USDC/YFI": 1762121820.7882738,
    "USDT/YFI": 1762121821.7922127
  },
  "Uniswap_V3": {
    "DAI/QUICK": 1762121840.0037487,
    "LINK/QUICK": 1762121846.4792612,
    "QUICK/UNI": 1762121853.356745,
    "QUICK/WBTC": 1762121855.6841533,
    "USDC/YFI": 1762121871.8775687
  },
  "SushiSwap": {
    "AAVE/CRV": 1762121879.3375041,
    "AAVE/QUICK": 1762121880.0422375,
    "AAVE/USDC": 1762121880.7999167,
    "CRV/QUICK": 1762121882.548236,
    "CRV/UNI": 1762121882.9901342,
    "CRV/USDC": 1762121883.2434409,
    "CRV/WBTC": 1762121883.7779527,
    "DAI/QUICK": 1762121884.7642517,
    "LINK/QUICK": 1762121886.5728812,
    "LINK/UNI": 1762121887.0415277,
    "LINK/USDC": 1762121887.279263,
    "QUICK/SUSHI": 1762121888.5739067,
    "QUICK/UNI": 1762121888.8401911,
    "QUICK/USDC": 1762121889.1639388,
    "QUICK/USDT": 1762121889.3964045,
    "QUICK/WETH": 1762121889.8734033,
    "QUICK/WPOL": 1762121890.1781595,
    "SNX/USDC": 1762121890.4272869,
    "SNX/USDT": 1762121890.696226,
    "SUSHI/USDC": 1762121891.69469,
    "UNI/USDC": 1762121892.8890853,
    "UNI/WBTC": 1762121893.3340278,
    "USDC/YFI": 1762121895.0092456,
    "USDT/YFI": 1762121895.997746
  },
  "Algebra": {
    "AAVE/CRV": 1762121897.4229789,
    "AAVE/SUSHI": 1762121898.48302,
    "CRV/LINK": 1762121900.6938934,
    "CRV/SUSHI": 1762121901.2575424,
    "CRV/UNI": 1762121901.52123,
    "CRV/USDC": 1762121901.7498734,
    "CRV/WBTC": 1762121902.241237,
    "DAI/SUSHI": 1762121903.5189867,
    "LINK/SUSHI": 1762121905.417452,
    "LINK/UNI": 1762121905.650922,
    "QUICK/SUSHI": 1762121907.333434,
    "QUICK/UNI": 1762121907.6540663,
    "SNX/USDC": 1762121909.23382,
    "SNX/USDT": 1762121909.51388,
    "SNX/WETH": 1762121909.7648685,
    "SNX/WPOL": 1762121910.0216594,
    "SUSHI/UNI": 1762121910.287967,
    "SUSHI/USDT": 1762121910.7765858,
    "SUSHI/WBTC": 1762121911.0315974,
    "SUSHI/WETH": 1762121911.3345346,
    "UNI/WBTC": 1762121912.257948,
    "USDC/YFI": 1762121914.018725,
    "USDT/YFI": 1762121914.9736774
  },
  "SushiSwap_V3": {
    "AAVE/CRV": 1762121916.9704404,
    "AAVE/DAI": 1762121917.7080047,
    "AAVE/LINK": 1762121918.4056401,
    "AAVE/QUICK": 1762121919.1997006,
    "AAVE/UNI": 1762121920.6713765,
    "AAVE/WBTC": 1762121922.8591053,
    "CRV/LINK": 1762121925.7355368,
    "CRV/QUICK": 1762121926.4200299,
    "CRV/UNI": 1762121927.825429,
    "CRV/USDC": 1762121928.617535,
    "CRV/WBTC": 1762121930.1927948,
    "DAI/LINK": 1762121932.2987323,
    "DAI/QUICK": 1762121933.033289,
    "DAI/SUSHI": 1762121933.7699988,
    "DAI/UNI": 1762121934.5571632,
    "DAI/WBTC": 1762121936.831076,
    "LINK/QUICK": 1762121939.0139067,
    "LINK/SUSHI": 1762121939.8298025,
    "LINK/UNI": 1762121940.584033,
    "LINK/USDC": 1762121941.2554014,
    "QUICK/SUSHI": 1762121944.967278,
    "QUICK/UNI": 1762121945.7406306,
    "QUICK/USDT": 1762121947.240607,
    "QUICK/WETH": 1762121948.7917082,
    "SNX/USDC": 1762121950.473227,
    "SNX/USDT": 1762121951.3939824,
    "SNX/WETH": 1762121952.2190835,
    "UNI/USDC": 1762121958.4214218,
    "UNI/USDT": 1762121959.240844,
    "UNI/WBTC": 1762121959.9452715,
    "UNI/WETH": 1762121960.7601447,
    "USDC/YFI": 1762121965.2958632,
    "USDT/YFI": 1762121968.3125105,
    "WPOL/YFI": 1762121972.1844406
  },
  "Retro": {
    "AAVE/CRV": 1762121972.836993,
    "AAVE/DAI": 1762121973.1857612,
    "AAVE/LINK": 1762121973.5072951,
    "AAVE/QUICK": 1762121973.8072407,
    "AAVE/SUSHI": 1762121974.1095307,
    "AAVE/UNI": 1762121974.4582617,
    "AAVE/USDC": 1762121974.7788343,
    "AAVE/USDT": 1762121975.110246,
    "AAVE/WBTC": 1762121975.4470022,
    "AAVE/WETH": 1762121975.7453737,
    "AAVE/WPOL": 1762121976.0605984,
    "CRV/DAI": 1762121976.360443,
    "CRV/LINK": 1762121976.6599026,
    "CRV/QUICK": 1762121976.9956665,
    "CRV/SUSHI": 1762121977.3482363,
    "CRV/UNI": 1762121977.679672,
    "CRV/USDC": 1762121978.0580282,
    "CRV/USDT": 1762121978.4233682,
    "CRV/WBTC": 1762121978.774767,
    "CRV/WETH": 1762121979.1555228,
    "CRV/WPOL": 1762121979.525124,
    "DAI/LINK": 1762121979.8634589,
    "DAI/QUICK": 1762121980.2169425,
    "DAI/SUSHI": 1762121980.5336022,
    "DAI/UNI": 1762121980.8518279,
    "DAI/USDC": 1762121981.2724462,
    "DAI/USDT": 1762121981.584515,
    "DAI/WBTC": 1762121981.9137483,
    "DAI/WETH": 1762121982.2681646,
    "DAI/WPOL": 1762121982.5994823,
    "LINK/QUICK": 1762121982.9599283,
    "LINK/SUSHI": 1762121983.3208642,
    "LINK/UNI": 1762121983.659037,
    "LINK/USDC": 1762121983.9930172,
    "LINK/USDT": 1762121984.34001,
    "LINK/WBTC": 1762121984.6802862,
    "LINK/WETH": 1762121985.0181696,
    "LINK/WPOL": 1762121985.3592005,
    "QUICK/SUSHI": 1762121985.721318,
    "QUICK/UNI": 1762121986.1064107,
    "QUICK/USDC": 1762121986.457487,
    "QUICK/USDT": 1762121986.8021376,
    "QUICK/WBTC": 1762121987.1338038,
    "QUICK/WETH": 1762121987.5287023,
    "QUICK/WPOL": 1762121987.834218,
    "SNX/USDC": 1762121988.1615865,
    "SNX/USDT": 1762121988.5035024,
    "SNX/WETH": 1762121988.8434057,
    "SNX/WPOL": 1762121989.177245,
    "SUSHI/UNI": 1762121989.5192974,
    "SUSHI/USDC": 1762121989.8308332,
    "SUSHI/USDT": 1762121990.1401153,
    "SUSHI/WBTC": 1762121990.4407575,
    "SUSHI/WETH": 1762121990.752622,
    "SUSHI/WPOL": 1762121991.143803,
    "UNI/USDC": 1762121991.4404283,
    "UNI/USDT": 1762121991.752261,
    "UNI/WBTC": 1762121992.0775647,
    "UNI/WETH": 1762121992.4021003,
    "UNI/WPOL": 1762121992.7115495,
    "USDC/USDT": 1762121993.0215828,
    "USDC/WBTC": 1762121993.3246236,
    "USDC/WETH": 1762121993.7898674,
    "USDC/WPOL": 1762121994.0828927,
    "USDC/YFI": 1762121994.3646786,
    "USDT/WBTC": 1762121994.695595,
    "USDT/WETH": 1762121994.9891841,
    "USDT/WPOL": 1762121995.2968345,
    "USDT/YFI": 1762121995.610301,
    "WBTC/WETH": 1762121995.988507,
    "WBTC/WPOL": 1762121996.274884,
    "WETH/WPOL": 1762121996.5883143,
    "WETH/YFI": 1762121996.8787177,
    "WPOL/YFI": 1762121997.216144
  },
  "Dystopia": {
    "AAVE/CRV": 1762121997.4317203,
    "AAVE/DAI": 1762121997.6583226,
    "AAVE/LINK": 1762121997.9113162,
    "AAVE/QUICK": 1762121998.1524184,
    "AAVE/SUSHI": 1762121998.3790545,
    "AAVE/UNI": 1762121998.629109,
    "AAVE/USDC": 1762121998.8631566,
    "AAVE/USDT": 1762121999.1617355,
    "AAVE/WBTC": 1762121999.382774,
    "AAVE/WETH": 1762121999.6320386,
    "AAVE/WPOL": 1762121999.854667,
    "CRV/DAI": 1762122000.073177,
    "CRV/LINK": 1762122000.3097858,
    "CRV/QUICK": 1762122000.573171,
    "CRV/SUSHI": 1762122000.7847047,
    "CRV/UNI": 1762122001.0147164,
    "CRV/USDC": 1762122001.2340407,
    "CRV/USDT": 1762122001.4818456,
    "CRV/WBTC": 1762122001.7365007,
    "CRV/WETH": 1762122001.9694338,
    "CRV/WPOL": 1762122002.1910212,
    "DAI/LINK": 1762122002.4462187,
    "DAI/QUICK": 1762122002.690404,
    "DAI/SUSHI": 1762122002.935299,
    "DAI/UNI": 1762122003.2479458,
    "DAI/USDC": 1762122003.5099342,
    "DAI/USDT": 1762122003.8081229,
    "DAI/WBTC": 1762122004.0617862,
    "DAI/WETH": 1762122004.2831883,
    "DAI/WPOL": 1762122004.5172777,
    "LINK/QUICK": 1762122004.7344985,
    "LINK/SUSHI": 1762122004.967903,
    "LINK/UNI": 1762122005.2045286,
    "LINK/USDC": 1762122005.4464517,
    "LINK/USDT": 1762122005.7604594,
    "LINK/WBTC": 1762122005.9855587,
    "LINK/WETH": 1762122006.2128198,